Price,Close,Volume
Ticker,^NSEI,^NSEI
Date,,
2015-01-02,8395.4501953125,101900
2015-01-05,8378.400390625,118200
2015-01-06,8127.35009765625,172800
2015-01-07,8102.10009765625,164100
2015-01-08,8234.599609375,143800
2015-01-09,8284.5,148000
2015-01-12,8323.0,103200
2015-01-13,8299.400390625,129600
2015-01-14,8277.5498046875,146100
2015-01-15,8494.150390625,232100
2015-01-16,8513.7998046875,176000
2015-01-19,8550.7001953125,125400
2015-01-20,8695.599609375,158700
2015-01-21,8729.5,185900
2015-01-22,8761.400390625,175500
2015-01-23,8835.599609375,191200
2015-01-27,8910.5,192000
2015-01-28,8914.2998046875,185100
2015-01-29,8952.349609375,256300
2015-01-30,8808.900390625,267300
2015-02-02,8797.400390625,210100
2015-02-03,8756.5498046875,208700
2015-02-04,8723.7001953125,195300
2015-02-05,8711.7001953125,173600
2015-02-06,8661.0498046875,171300
2015-02-09,8526.349609375,146800
2015-02-10,8565.5498046875,196200
2015-02-11,8627.400390625,161600
2015-02-12,8711.5498046875,158800
2015-02-13,8805.5,221900
2015-02-16,8809.349609375,136400
2015-02-18,8869.099609375,147600
2015-02-19,8895.2998046875,213300
2015-02-20,8833.599609375,197600
2015-02-23,8754.9501953125,139600
2015-02-24,8762.099609375,149800
2015-02-25,8767.25,135200
2015-02-26,8683.849609375,217500
2015-02-27,8844.599609375,249500
2015-03-02,8956.75,218100
2015-03-03,8996.25,177800
2015-03-04,8922.650390625,248400
2015-03-05,8937.75,160100
2015-03-09,8756.75,155500
2015-03-10,8712.0498046875,163800
2015-03-11,8699.9501953125,172800
2015-03-12,8776.0,173900
2015-03-13,8647.75,179200
2015-03-16,8633.150390625,163300
2015-03-17,8723.2998046875,177000
2015-03-18,8685.900390625,156400
2015-03-19,8634.650390625,163500
2015-03-20,8570.900390625,174600
2015-03-23,8550.900390625,150700
2015-03-24,8542.9501953125,156700
2015-03-25,8530.7998046875,161000
2015-03-26,8342.150390625,280100
2015-03-27,8341.400390625,193000
2015-03-30,8492.2998046875,134700
2015-03-31,8491.0,167200
2015-04-01,8586.25,125500
2015-04-06,8659.900390625,146900
2015-04-07,8660.2998046875,148700
2015-04-08,8714.400390625,148200
2015-04-09,8778.2998046875,152700
2015-04-10,8780.349609375,139000
2015-04-13,8834.0,121600
2015-04-16,8706.7001953125,142900
2015-04-17,8606.0,150400
2015-04-20,8448.099609375,148900
2015-04-21,8377.75,407800
2015-04-22,8429.7001953125,171800
2015-04-23,8398.2998046875,156000
2015-04-24,8305.25,173600
2015-04-27,8213.7998046875,171500
2015-04-28,8285.599609375,174600
2015-04-29,8239.75,160400
2015-04-30,8181.5,267700
2015-05-04,8331.9501953125,131700
2015-05-05,8324.7998046875,155500
2015-05-06,8097.0,209600
2015-05-07,8057.2998046875,161600
2015-05-08,8191.5,183100
2015-05-11,8325.25,192000
2015-05-12,8126.9501953125,173400
2015-05-13,8235.4501953125,169800
2015-05-14,8224.2001953125,134800
2015-05-15,8262.349609375,129800
2015-05-18,8373.650390625,148700
2015-05-19,8365.650390625,140300
2015-05-20,8423.25,123600
2015-05-21,8421.0,143800
2015-05-22,8458.9501953125,187300
2015-05-25,8370.25,121300
2015-05-26,8339.349609375,116800
2015-05-27,8334.599609375,165500
2015-05-28,8319.0,232300
2015-05-29,8433.650390625,363900
2015-06-01,8433.400390625,122200
2015-06-02,8236.4501953125,146800
2015-06-03,8135.10009765625,171400
2015-06-04,8130.64990234375,154700
2015-06-05,8114.7001953125,162100
2015-06-08,8044.14990234375,135900
2015-06-09,8022.39990234375,136000
2015-06-10,8124.4501953125,136800
2015-06-11,7965.35009765625,166200
2015-06-12,7982.89990234375,136600
2015-06-15,8013.89990234375,133000
2015-06-16,8047.2998046875,124000
2015-06-17,8091.5498046875,152500
2015-06-18,8174.60009765625,144800
2015-06-19,8224.9501953125,147100
2015-06-22,8353.099609375,122700
2015-06-23,8381.5498046875,131700
2015-06-24,8360.849609375,130100
2015-06-25,8398.0,201200
2015-06-26,8381.099609375,110600
2015-06-29,8318.400390625,132000
2015-06-30,8368.5,158500
2015-07-01,8453.0498046875,131800
2015-07-02,8444.900390625,112000
2015-07-03,8484.900390625,88400
2015-07-06,8522.150390625,101500
2015-07-07,8510.7998046875,122200
2015-07-08,8363.0498046875,188100
2015-07-09,8328.5498046875,131300
2015-07-10,8360.5498046875,154100
2015-07-13,8459.650390625,117800
2015-07-14,8454.099609375,101700
2015-07-15,8523.7998046875,105500
2015-07-16,8608.0498046875,116000
2015-07-17,8609.849609375,105000
2015-07-20,8603.4501953125,90600
2015-07-21,8529.4501953125,164100
2015-07-22,8633.5,136800
2015-07-23,8589.7998046875,132900
2015-07-24,8521.5498046875,127400
2015-07-27,8361.0,136600
2015-07-28,8337.0,174600
2015-07-29,8375.0498046875,141000
2015-07-30,8421.7998046875,215200
2015-07-31,8532.849609375,203300
2015-08-03,8543.0498046875,156700
2015-08-04,8516.900390625,187400
2015-08-05,8567.9501953125,132800
2015-08-06,8588.650390625,134900
2015-08-07,8564.599609375,143700
2015-08-10,8525.599609375,123400
2015-08-11,8462.349609375,154400
2015-08-12,8349.4501953125,190000
2015-08-13,8355.849609375,189200
2015-08-14,8518.5498046875,155900
2015-08-17,8477.2998046875,174700
2015-08-18,8466.5498046875,153300
2015-08-19,8495.150390625,130500
2015-08-20,8372.75,184100
2015-08-21,8299.9501953125,201300
2015-08-24,7809.0,312400
2015-08-25,7880.7001953125,299100
2015-08-26,7791.85009765625,216600
2015-08-27,7948.9501953125,305000
2015-08-28,8001.9501953125,195600
2015-08-31,7971.2998046875,198200
2015-09-01,7785.85009765625,184900
2015-09-02,7717.0,215300
2015-09-03,7823.0,155800
2015-09-04,7655.0498046875,193600
2015-09-07,7558.7998046875,141400
2015-09-08,7688.25,172200
2015-09-09,7818.60009765625,208400
2015-09-10,7788.10009765625,160300
2015-09-11,7789.2998046875,136400
2015-09-14,7872.25,122800
2015-09-15,7829.10009765625,136500
2015-09-16,7899.14990234375,140000
2015-09-18,7981.89990234375,241800
2015-09-21,7977.10009765625,121800
2015-09-22,7812.0,168400
2015-09-23,7845.9501953125,146700
2015-09-24,7868.5,202500
2015-09-28,7795.7001953125,136300
2015-09-29,7843.2998046875,240700
2015-09-30,7948.89990234375,210700
2015-10-01,7950.89990234375,156900
2015-10-05,8119.2998046875,183100
2015-10-06,8152.89990234375,178500
2015-10-07,8177.39990234375,193900
2015-10-08,8129.35009765625,171700
2015-10-09,8189.7001953125,199700
2015-10-12,8143.60009765625,199100
2015-10-13,8131.7001953125,145900
2015-10-14,8107.89990234375,138900
2015-10-15,8179.5,167200
2015-10-16,8238.150390625,156400
2015-10-19,8275.0498046875,124500
2015-10-20,8261.650390625,155100
2015-10-21,8251.7001953125,144800
2015-10-23,8295.4501953125,152000
2015-10-26,8260.5498046875,133900
2015-10-27,8232.900390625,156700
2015-10-28,8171.2001953125,188900
2015-10-29,8111.75,217500
2015-10-30,8065.7998046875,199500
2015-11-02,8050.7998046875,136100
2015-11-03,8060.7001953125,132500
2015-11-04,8040.2001953125,122100
2015-11-05,7955.4501953125,132100
2015-11-06,7954.2998046875,219500
2015-11-09,7915.2001953125,211800
2015-11-10,7783.35009765625,165200
2015-11-13,7762.25,160900
2015-11-16,7806.60009765625,149500
2015-11-17,7837.5498046875,145000
2015-11-18,7731.7998046875,143600
2015-11-19,7842.75,132600
2015-11-20,7856.5498046875,151900
2015-11-23,7849.25,127000
2015-11-24,7831.60009765625,130600
2015-11-26,7883.7998046875,219800
2015-11-27,7942.7001953125,150300
2015-11-30,7935.25,216300
2015-12-01,7954.89990234375,138600
2015-12-02,7931.35009765625,126300
2015-12-03,7864.14990234375,125700
2015-12-04,7781.89990234375,152500
2015-12-07,7765.39990234375,137600
2015-12-08,7701.7001953125,135100
2015-12-09,7612.5,140000
2015-12-10,7683.2998046875,140800
2015-12-11,7610.4501953125,167800
2015-12-14,7650.0498046875,148900
2015-12-15,7700.89990234375,134300
2015-12-16,7750.89990234375,154300
2015-12-17,7844.35009765625,175900
2015-12-18,7761.9501953125,191400
2015-12-21,7834.4501953125,126300
2015-12-22,7786.10009765625,125700
2015-12-23,7865.9501953125,117900
2015-12-24,7861.0498046875,93500
2015-12-28,7925.14990234375,122900
2015-12-29,7928.9501953125,113000
2015-12-30,7896.25,106800
2015-12-31,7946.35009765625,150900
2016-01-04,7791.2998046875,134700
2016-01-05,7784.64990234375,145200
2016-01-06,7741.0,147100
2016-01-07,7568.2998046875,188900
2016-01-08,7601.35009765625,157400
2016-01-11,7563.85009765625,189000
2016-01-12,7510.2998046875,163900
2016-01-13,7562.39990234375,215200
2016-01-14,7536.7998046875,200800
2016-01-15,7437.7998046875,197500
2016-01-18,7351.0,233600
2016-01-19,7435.10009765625,188300
2016-01-20,7309.2998046875,225600
2016-01-21,7276.7998046875,240700
2016-01-22,7422.4501953125,229200
2016-01-25,7436.14990234375,163200
2016-01-27,7437.75,187600
2016-01-28,7424.64990234375,274500
2016-01-29,7563.5498046875,298700
2016-02-01,7555.9501953125,200400
2016-02-02,7455.5498046875,230200
2016-02-03,7361.7998046875,192000
2016-02-04,7404.0,222700
2016-02-05,7489.10009765625,249800
2016-02-08,7387.25,171500
2016-02-09,7298.2001953125,212100
2016-02-10,7215.7001953125,246900
2016-02-11,6976.35009765625,292300
2016-02-12,6980.9501953125,333900
2016-02-15,7162.9501953125,354200
2016-02-16,7048.25,253800
2016-02-17,7108.4501953125,260000
2016-02-18,7191.75,246700
2016-02-19,7210.75,192300
2016-02-22,7234.5498046875,154400
2016-02-23,7109.5498046875,194400
2016-02-24,7018.7001953125,199700
2016-02-25,6970.60009765625,283100
2016-02-26,7029.75,206700
2016-02-29,6987.0498046875,473400
2016-03-01,7222.2998046875,275100
2016-03-02,7368.85009765625,338500
2016-03-03,7475.60009765625,278600
2016-03-04,7485.35009765625,281700
2016-03-08,7485.2998046875,257000
2016-03-09,7531.7998046875,245100
2016-03-10,7486.14990234375,224700
2016-03-11,7510.2001953125,198700
2016-03-14,7538.75,166900
2016-03-15,7460.60009765625,193700
2016-03-16,7498.75,195400
2016-03-17,7512.5498046875,239600
2016-03-18,7604.35009765625,237400
2016-03-21,7704.25,196800
2016-03-22,7714.89990234375,208900
2016-03-23,7716.5,199600
2016-03-28,7615.10009765625,242400
2016-03-29,7597.0,216800
2016-03-30,7735.2001953125,232600
2016-03-31,7738.39990234375,380100
2016-04-01,7713.0498046875,183900
2016-04-04,7758.7998046875,155500
2016-04-05,7603.2001953125,203800
2016-04-06,7614.35009765625,165600
2016-04-07,7546.4501953125,234400
2016-04-08,7555.2001953125,143400
2016-04-11,7671.39990234375,179800
2016-04-12,7708.9501953125,163400
2016-04-13,7850.4501953125,220400
2016-04-18,7914.7001953125,184600
2016-04-20,7914.75,205300
2016-04-21,7912.0498046875,223700
2016-04-22,7899.2998046875,183300
2016-04-25,7855.0498046875,146300
2016-04-26,7962.64990234375,202400
2016-04-27,7979.89990234375,206800
2016-04-28,7847.25,292500
2016-04-29,7849.7998046875,243700
2016-05-02,7805.89990234375,146300
2016-05-03,7747.0,186500
2016-05-04,7706.5498046875,199700
2016-05-05,7735.5,185100
2016-05-06,7733.4501953125,163600
2016-05-09,7866.0498046875,160600
2016-05-10,7887.7998046875,162000
2016-05-11,7848.85009765625,214100
2016-05-12,7900.39990234375,152700
2016-05-13,7814.89990234375,179500
2016-05-16,7860.75,205200
2016-05-17,7890.75,183400
2016-05-18,7870.14990234375,156400
2016-05-19,7783.39990234375,170400
2016-05-20,7749.7001953125,157000
2016-05-23,7731.0498046875,172000
2016-05-24,7748.85009765625,147000
2016-05-25,7934.89990234375,176200
2016-05-26,8069.64990234375,264300
2016-05-27,8156.64990234375,260900
2016-05-30,8178.5,247400
2016-05-31,8160.10009765625,471000
2016-06-01,8179.9501953125,194400
2016-06-02,8218.9501953125,181700
2016-06-03,8220.7998046875,379000
2016-06-06,8201.0498046875,171600
2016-06-07,8266.4501953125,241900
2016-06-08,8273.0498046875,174300
2016-06-09,8203.599609375,174900
2016-06-10,8170.0498046875,182200
2016-06-13,8110.60009765625,169700
2016-06-14,8108.85009765625,145500
2016-06-15,8206.599609375,169800
2016-06-16,8140.75,189200
2016-06-17,8170.2001953125,166600
2016-06-20,8238.5,168600
2016-06-21,8219.900390625,137000
2016-06-22,8203.7001953125,136100
2016-06-23,8270.4501953125,154100
2016-06-24,8088.60009765625,297600
2016-06-27,8094.7001953125,162500
2016-06-28,8127.85009765625,170400
2016-06-29,8204.0,147000
2016-06-30,8287.75,279400
2016-07-01,8328.349609375,165500
2016-07-04,8370.7001953125,154200
2016-07-05,8335.9501953125,139000
2016-07-07,8337.900390625,155500
2016-07-08,8323.2001953125,137900
2016-07-11,8467.900390625,149800
2016-07-12,8521.0498046875,183600
2016-07-13,8519.5,195500
2016-07-14,8565.0,153900
2016-07-15,8541.400390625,221700
2016-07-18,8508.7001953125,164300
2016-07-19,8528.5498046875,167900
2016-07-20,8565.849609375,160300
2016-07-21,8510.099609375,150000
2016-07-22,8541.2001953125,143200
2016-07-25,8635.650390625,150000
2016-07-26,8590.650390625,154800
2016-07-27,8615.7998046875,184100
2016-07-28,8666.2998046875,233500
2016-07-29,8638.5,157000
2016-08-01,8636.5498046875,188400
2016-08-02,8622.900390625,169400
2016-08-03,8544.849609375,163000
2016-08-04,8551.099609375,164700
2016-08-05,8683.150390625,157900
2016-08-08,8711.349609375,172600
2016-08-09,8678.25,200100
2016-08-10,8575.2998046875,173600
2016-08-11,8592.150390625,189200
2016-08-16,8642.5498046875,224800
2016-08-17,8624.0498046875,174100
2016-08-18,8673.25,164300
2016-08-19,8666.900390625,191900
2016-08-22,8629.150390625,152300
2016-08-23,8632.599609375,187500
2016-08-24,8650.2998046875,149600
2016-08-25,8592.2001953125,213100
2016-08-26,8572.5498046875,147500
2016-08-29,8607.4501953125,129700
2016-08-30,8744.349609375,150200
2016-08-31,8786.2001953125,362200
2016-09-01,8774.650390625,238900
2016-09-02,8809.650390625,191500
2016-09-06,8943.0,195600
2016-09-07,8917.9501953125,290100
2016-09-08,8952.5,217200
2016-09-09,8866.7001953125,175900
2016-09-12,8715.599609375,184500
2016-09-14,8726.599609375,184300
2016-09-15,8742.5498046875,145400
2016-09-16,8779.849609375,265800
2016-09-19,8808.400390625,131700
2016-09-20,8775.900390625,136500
2016-09-21,8777.150390625,148800
2016-09-22,8867.4501953125,172800
2016-09-23,8831.5498046875,185900
2016-09-26,8723.0498046875,164000
2016-09-27,8706.400390625,151400
2016-09-28,8745.150390625,165500
2016-09-29,8591.25,372900
2016-09-30,8611.150390625,181700
2016-10-03,8738.099609375,137300
2016-10-04,8769.150390625,184300
2016-10-05,8743.9501953125,157200
2016-10-06,8709.5498046875,163600
2016-10-07,8697.599609375,150400
2016-10-10,8708.7998046875,108400
2016-10-13,8573.349609375,212300
2016-10-14,8583.400390625,162800
2016-10-17,8520.400390625,197400
2016-10-18,8677.900390625,216600
2016-10-19,8659.099609375,172100
2016-10-20,8699.400390625,161000
2016-10-21,8693.0498046875,157300
2016-10-24,8708.9501953125,157100
2016-10-25,8691.2998046875,189800
2016-10-26,8615.25,219300
2016-10-27,8615.25,242800
2016-10-28,8638.0,175500
2016-11-01,8626.25,165000
2016-11-02,8514.0,155300
2016-11-03,8484.9501953125,170500
2016-11-04,8433.75,224800
2016-11-07,8497.0498046875,172800
2016-11-08,8543.5498046875,195700
2016-11-09,8432.0,314300
2016-11-10,8525.75,263100
2016-11-11,8296.2998046875,266900
2016-11-15,8108.4501953125,359200
2016-11-16,8111.60009765625,269500
2016-11-17,8079.9501953125,191300
2016-11-18,8074.10009765625,161200
2016-11-21,7929.10009765625,218800
2016-11-22,8002.2998046875,210200
2016-11-23,8033.2998046875,181000
2016-11-24,7965.5,260500
2016-11-25,8114.2998046875,177900
2016-11-28,8126.89990234375,189700
2016-11-29,8142.14990234375,189700
2016-11-30,8224.5,248000
2016-12-01,8192.900390625,157700
2016-12-02,8086.7998046875,171500
2016-12-05,8128.75,126500
2016-12-06,8143.14990234375,115300
2016-12-07,8102.0498046875,169800
2016-12-08,8246.849609375,142500
2016-12-09,8261.75,149700
2016-12-12,8170.7998046875,108100
2016-12-13,8221.7998046875,184000
2016-12-14,8182.4501953125,144600
2016-12-15,8153.60009765625,181800
2016-12-16,8139.4501953125,203000
2016-12-19,8104.35009765625,107400
2016-12-20,8082.39990234375,128000
2016-12-21,8061.2998046875,123700
2016-12-22,7979.10009765625,122600
2016-12-23,7985.75,124100
2016-12-26,7908.25,106900
2016-12-27,8032.85009765625,118800
2016-12-28,8034.85009765625,126700
2016-12-29,8103.60009765625,178500
2016-12-30,8185.7998046875,127600
2017-01-02,8179.5,118300
2017-01-03,8192.25,127300
2017-01-04,8190.5,132400
2017-01-05,8273.7998046875,159100
2017-01-06,8243.7998046875,139400
2017-01-09,8236.0498046875,99100
2017-01-10,8288.599609375,142900
2017-01-11,8380.650390625,186500
2017-01-12,8407.2001953125,172600
2017-01-13,8400.349609375,185300
2017-01-16,8412.7998046875,124100
2017-01-17,8398.0,122000
2017-01-18,8417.0,163800
2017-01-19,8435.099609375,165900
2017-01-20,8349.349609375,202600
2017-01-23,8391.5,195000
2017-01-24,8475.7998046875,179200
2017-01-25,8602.75,292500
2017-01-27,8641.25,275400
2017-01-30,8632.75,304700
2017-01-31,8561.2998046875,521000
2017-02-01,8716.400390625,327700
2017-02-02,8734.25,283500
2017-02-03,8740.9501953125,191000
2017-02-06,8801.0498046875,194400
2017-02-07,8768.2998046875,226300
2017-02-08,8769.0498046875,218700
2017-02-09,8778.400390625,187500
2017-02-10,8793.5498046875,225900
2017-02-13,8805.0498046875,204900
2017-02-14,8792.2998046875,188300
2017-02-15,8724.7001953125,216100
2017-02-16,8778.0,184600
2017-02-17,8821.7001953125,298300
2017-02-20,8879.2001953125,167800
2017-02-21,8907.849609375,175700
2017-02-22,8926.900390625,247100
2017-02-23,8939.5,377200
2017-02-27,8896.7001953125,189900
2017-02-28,8879.599609375,293600
2017-03-01,8945.7998046875,205900
2017-03-02,8899.75,218800
2017-03-03,8897.5498046875,202600
2017-03-06,8963.4501953125,174800
2017-03-07,8946.900390625,173400
2017-03-08,8924.2998046875,177800
2017-03-09,8927.0,171500
2017-03-10,8934.5498046875,152700
2017-03-14,9087.0,270300
2017-03-15,9084.7998046875,240600
2017-03-16,9153.7001953125,208600
2017-03-17,9160.0498046875,286700
2017-03-20,9126.849609375,332100
2017-03-21,9121.5,247700
2017-03-22,9030.4501953125,232300
2017-03-23,9086.2998046875,191800
2017-03-24,9108.0,203700
2017-03-27,9045.2001953125,202700
2017-03-28,9100.7998046875,183300
2017-03-29,9143.7998046875,243400
2017-03-30,9173.75,323400
2017-03-31,9173.75,190900
2017-04-03,9237.849609375,139100
2017-04-05,9265.150390625,184800
2017-04-06,9261.9501953125,186100
2017-04-07,9198.2998046875,190000
2017-04-10,9181.4501953125,135800
2017-04-11,9237.0,200100
2017-04-12,9203.4501953125,161800
2017-04-13,9150.7998046875,166500
2017-04-17,9139.2998046875,0
2017-04-18,9105.150390625,174200
2017-04-19,9103.5,173700
2017-04-20,9136.400390625,170300
2017-04-21,9119.400390625,155200
2017-04-24,9217.9501953125,167700
2017-04-25,9306.599609375,168700
2017-04-26,9351.849609375,185700
2017-04-27,9342.150390625,209400
2017-04-28,9304.0498046875,162200
2017-05-02,9313.7998046875,161600
2017-05-03,9311.9501953125,151600
2017-05-04,9359.900390625,269600
2017-05-05,9285.2998046875,231900
2017-05-08,9314.0498046875,174300
2017-05-09,9316.849609375,132300
2017-05-10,9407.2998046875,152700
2017-05-11,9422.400390625,171100
2017-05-12,9400.900390625,154300
2017-05-15,9445.400390625,140800
2017-05-16,9512.25,166500
2017-05-17,9525.75,205500
2017-05-18,9429.4501953125,193300
2017-05-19,9427.900390625,252100
2017-05-22,9438.25,196800
2017-05-23,9386.150390625,224400
2017-05-24,9360.5498046875,211800
2017-05-25,9509.75,289200
2017-05-26,9595.099609375,218800
2017-05-29,9604.900390625,235000
2017-05-30,9624.5498046875,193900
2017-05-31,9621.25,414300
2017-06-01,9616.099609375,176100
2017-06-02,9653.5,162200
2017-06-05,9675.099609375,127700
2017-06-06,9637.150390625,145900
2017-06-07,9663.900390625,160700
2017-06-08,9647.25,155400
2017-06-09,9668.25,159000
2017-06-12,9616.400390625,141400
2017-06-13,9606.900390625,129700
2017-06-14,9618.150390625,181800
2017-06-15,9578.0498046875,171100
2017-06-16,9588.0498046875,213200
2017-06-19,9657.5498046875,141700
2017-06-20,9653.5,159500
2017-06-21,9633.599609375,144000
2017-06-22,9630.0,198800
2017-06-23,9574.9501953125,175200
2017-06-27,9511.400390625,203300
2017-06-28,9491.25,172400
2017-06-29,9504.099609375,259300
2017-06-30,9520.900390625,179600
2017-07-03,9615.0,183000
2017-07-04,9613.2998046875,144800
2017-07-05,9637.599609375,130800
2017-07-06,9674.5498046875,147400
2017-07-07,9665.7998046875,141800
2017-07-10,9771.0498046875,37500
2017-07-11,9786.0498046875,179700
2017-07-12,9816.099609375,145500
2017-07-13,9891.7001953125,181300
2017-07-14,9886.349609375,159600
2017-07-17,9915.9501953125,163500
2017-07-18,9827.150390625,293900
2017-07-19,9899.599609375,200200
2017-07-20,9873.2998046875,161100
2017-07-21,9915.25,187500
2017-07-24,9966.400390625,174500
2017-07-25,9964.5498046875,185500
2017-07-26,10020.650390625,197600
2017-07-27,10020.5498046875,287900
2017-07-28,10014.5,191600
2017-07-31,10077.099609375,237700
2017-08-01,10114.650390625,184300
2017-08-02,10081.5,161500
2017-08-03,10013.650390625,192700
2017-08-04,10066.400390625,178600
2017-08-07,10057.400390625,137400
2017-08-08,9978.5498046875,203300
2017-08-09,9908.0498046875,169200
2017-08-10,9820.25,235500
2017-08-11,9710.7998046875,285900
2017-08-14,9794.150390625,195600
2017-08-16,9897.2998046875,219500
2017-08-17,9904.150390625,197600
2017-08-18,9837.400390625,246300
2017-08-21,9754.349609375,205300
2017-08-22,9765.5498046875,183600
2017-08-23,9852.5,168600
2017-08-24,9857.0498046875,184700
2017-08-28,9912.7998046875,159600
2017-08-29,9796.0498046875,173300
2017-08-30,9884.400390625,157800
2017-08-31,9917.900390625,327700
2017-09-01,9974.400390625,157800
2017-09-04,9912.849609375,148800
2017-09-05,9952.2001953125,139200
2017-09-06,9916.2001953125,149200
2017-09-07,9929.900390625,188800
2017-09-08,9934.7998046875,163600
2017-09-11,10006.0498046875,173000
2017-09-12,10093.0498046875,182600
2017-09-13,10079.2998046875,215000
2017-09-14,10086.599609375,225600
2017-09-15,10085.400390625,266600
2017-09-18,10153.099609375,156100
2017-09-19,10147.5498046875,187500
2017-09-20,10141.150390625,199400
2017-09-21,10121.900390625,191800
2017-09-22,9964.400390625,226600
2017-09-25,9872.599609375,221400
2017-09-26,9871.5,190900
2017-09-27,9735.75,200100
2017-09-28,9768.9501953125,385000
2017-09-29,9788.599609375,196300
2017-10-03,9859.5,162800
2017-10-04,9914.900390625,156200
2017-10-05,9888.7001953125,147800
2017-10-06,9979.7001953125,195800
2017-10-09,9988.75,143900
2017-10-10,10016.9501953125,148600
2017-10-11,9984.7998046875,189700
2017-10-12,10096.400390625,200900
2017-10-13,10167.4501953125,230100
2017-10-16,10230.849609375,203000
2017-10-17,10234.4501953125,195700
2017-10-18,10210.849609375,254200
2017-10-19,10146.5498046875,30200
2017-10-23,10184.849609375,218100
2017-10-24,10207.7001953125,217200
2017-10-25,10295.349609375,594200
2017-10-26,10343.7998046875,429700
2017-10-27,10323.0498046875,312700
2017-10-30,10363.650390625,236900
2017-10-31,10335.2998046875,232600
2017-11-01,10440.5,260300
2017-11-02,10423.7998046875,201500
2017-11-03,10452.5,199900
2017-11-06,10451.7998046875,193600
2017-11-07,10350.150390625,286900
2017-11-08,10303.150390625,274500
2017-11-09,10308.9501953125,240200
2017-11-10,10321.75,279400
2017-11-13,10224.9501953125,210300
2017-11-14,10186.599609375,305000
2017-11-15,10118.0498046875,207400
2017-11-16,10214.75,182600
2017-11-17,10283.599609375,203300
2017-11-20,10298.75,147200
2017-11-21,10326.900390625,186100
2017-11-22,10342.2998046875,157600
2017-11-23,10348.75,153000
2017-11-24,10389.7001953125,129200
2017-11-27,10399.5498046875,141900
2017-11-28,10370.25,196000
2017-11-29,10361.2998046875,152500
2017-11-30,10226.5498046875,342500
2017-12-01,10121.7998046875,143400
2017-12-04,10127.75,148600
2017-12-05,10118.25,155500
2017-12-06,10044.099609375,166100
2017-12-07,10166.7001953125,166200
2017-12-08,10265.650390625,200000
2017-12-11,10322.25,147400
2017-12-12,10240.150390625,175100
2017-12-13,10192.9501953125,181600
2017-12-14,10252.099609375,154300
2017-12-15,10333.25,255100
2017-12-18,10388.75,230400
2017-12-19,10463.2001953125,169100
2017-12-20,10444.2001953125,175200
2017-12-21,10440.2998046875,151900
2017-12-22,10493.0,138800
2017-12-26,10531.5,155600
2017-12-27,10490.75,165200
2017-12-28,10477.900390625,272900
2017-12-29,10530.7001953125,152000
2018-01-02,10442.2001953125,153400
2018-01-03,10443.2001953125,167300
2018-01-04,10504.7998046875,174900
2018-01-05,10558.849609375,180900
2018-01-08,10623.599609375,169000
2018-01-09,10637.0,205000
2018-01-10,10632.2001953125,176400
2018-01-11,10651.2001953125,153800
2018-01-12,10681.25,175200
2018-01-15,10741.5498046875,175900
2018-01-16,10700.4501953125,211000
2018-01-17,10788.5498046875,252700
2018-01-18,10817.0,312000
2018-01-19,10894.7001953125,207600
2018-01-22,10966.2001953125,231600
2018-01-23,11083.7001953125,284600
2018-01-24,11086.0,283400
2018-01-25,11069.650390625,330300
2018-01-29,11130.400390625,241700
2018-01-30,11049.650390625,228000
2018-01-31,11027.7001953125,245900
2018-02-01,11016.900390625,306200
2018-02-02,10760.599609375,282700
2018-02-05,10666.5498046875,240100
2018-02-06,10498.25,266500
2018-02-07,10476.7001953125,250400
2018-02-08,10576.849609375,232200
2018-02-09,10454.9501953125,191600
2018-02-12,10539.75,217400
2018-02-14,10500.900390625,229200
2018-02-15,10545.5,210600
2018-02-16,10452.2998046875,184300
2018-02-19,10378.400390625,187300
2018-02-20,10360.400390625,187700
2018-02-21,10397.4501953125,234100
2018-02-22,10382.7001953125,313600
2018-02-23,10491.0498046875,210600
2018-02-26,10582.599609375,171900
2018-02-27,10554.2998046875,187500
2018-02-28,10492.849609375,286000
2018-03-01,10458.349609375,176000
2018-03-05,10358.849609375,194000
2018-03-06,10249.25,222900
2018-03-07,10154.2001953125,249500
2018-03-08,10242.650390625,226400
2018-03-09,10226.849609375,186500
2018-03-12,10421.400390625,216400
2018-03-13,10426.849609375,266700
2018-03-14,10410.900390625,181400
2018-03-15,10360.150390625,173900
2018-03-16,10195.150390625,328500
2018-03-19,10094.25,210200
2018-03-20,10124.349609375,203000
2018-03-21,10155.25,204800
2018-03-22,10114.75,230500
2018-03-23,9998.0498046875,285700
2018-03-26,10130.650390625,262600
2018-03-27,10184.150390625,225700
2018-03-28,10113.7001953125,344400
2018-04-02,10211.7998046875,225400
2018-04-03,10245.0,205300
2018-04-04,10128.400390625,231100
2018-04-05,10325.150390625,236800
2018-04-06,10331.599609375,200200
2018-04-09,10379.349609375,221600
2018-04-10,10402.25,251700
2018-04-11,10417.150390625,250400
2018-04-12,10458.650390625,238600
2018-04-13,10480.599609375,213100
2018-04-16,10528.349609375,195000
2018-04-17,10548.7001953125,206100
2018-04-18,10526.2001953125,205400
2018-04-19,10565.2998046875,262600
2018-04-20,10564.0498046875,244600
2018-04-23,10584.7001953125,194200
2018-04-24,10614.349609375,219200
2018-04-25,10570.5498046875,189200
2018-04-26,10617.7998046875,335100
2018-04-27,10692.2998046875,0
2018-04-30,10739.349609375,173800
2018-05-02,10718.0498046875,229700
2018-05-03,10679.650390625,185200
2018-05-04,10618.25,186500
2018-05-07,10715.5,168400
2018-05-08,10717.7998046875,269800
2018-05-09,10741.7001953125,215400
2018-05-10,10716.5498046875,192100
2018-05-11,10806.5,203100
2018-05-14,10806.599609375,171400
2018-05-15,10801.849609375,254300
2018-05-16,10741.099609375,231100
2018-05-17,10682.7001953125,214100
2018-05-18,10596.400390625,223000
2018-05-21,10516.7001953125,0
2018-05-22,10536.7001953125,241700
2018-05-23,10430.349609375,290900
2018-05-24,10513.849609375,297600
2018-05-25,10605.150390625,260800
2018-05-28,10688.650390625,232600
2018-05-29,10633.2998046875,225800
2018-05-30,10614.349609375,238700
2018-05-31,10736.150390625,610300
2018-06-01,10696.2001953125,220600
2018-06-04,10628.5,203800
2018-06-05,10593.150390625,167700
2018-06-06,10684.650390625,189900
2018-06-07,10768.349609375,220900
2018-06-08,10767.650390625,209400
2018-06-11,10786.9501953125,211400
2018-06-12,10842.849609375,198300
2018-06-13,10856.7001953125,213400
2018-06-14,10808.0498046875,184300
2018-06-15,10817.7001953125,305400
2018-06-18,10799.849609375,196600
2018-06-19,10710.4501953125,224500
2018-06-20,10772.0498046875,193500
2018-06-21,10741.099609375,223600
2018-06-22,10821.849609375,229800
2018-06-25,10762.4501953125,229600
2018-06-26,10769.150390625,220000
2018-06-27,10671.400390625,246000
2018-06-28,10589.099609375,352300
2018-06-29,10714.2998046875,242800
2018-07-02,10657.2998046875,295400
2018-07-03,10699.900390625,202100
2018-07-04,10769.900390625,173900
2018-07-05,10749.75,220500
2018-07-06,10772.650390625,0
2018-07-09,10852.900390625,183600
2018-07-10,10947.25,197000
2018-07-11,10948.2998046875,222300
2018-07-12,11023.2001953125,248300
2018-07-13,11018.900390625,0
2018-07-16,10936.849609375,210500
2018-07-17,11008.0498046875,210600
2018-07-18,10980.4501953125,225500
2018-07-19,10957.099609375,215400
2018-07-20,11010.2001953125,187300
2018-07-23,11084.75,229100
2018-07-24,11134.2998046875,205800
2018-07-25,11132.0,205900
2018-07-26,11167.2998046875,365400
2018-07-27,11278.349609375,314600
2018-07-30,11319.5498046875,278800
2018-07-31,11356.5,256500
2018-08-01,11346.2001953125,269700
2018-08-02,11244.7001953125,210000
2018-08-03,11360.7998046875,218300
2018-08-06,11387.099609375,203700
2018-08-07,11389.4501953125,226400
2018-08-08,11450.0,210500
2018-08-09,11470.7001953125,302200
2018-08-10,11429.5,0
2018-08-13,11355.75,246900
2018-08-14,11435.099609375,232600
2018-08-16,11385.0498046875,290600
2018-08-17,11470.75,234700
2018-08-20,11551.75,232600
2018-08-21,11570.900390625,224200
2018-08-23,11582.75,248500
2018-08-24,11557.099609375,218800
2018-08-27,11691.9501953125,199500
2018-08-28,11738.5,241900
2018-08-29,11691.900390625,251600
2018-08-30,11676.7998046875,313800
2018-08-31,11680.5,346500
2018-09-03,11582.349609375,234400
2018-09-04,11520.2998046875,254800
2018-09-05,11476.9501953125,246100
2018-09-06,11536.900390625,247900
2018-09-07,11589.099609375,295900
2018-09-10,11438.099609375,286700
2018-09-11,11287.5,0
2018-09-12,11369.900390625,268200
2018-09-14,11515.2001953125,276600
2018-09-17,11377.75,201400
2018-09-18,11278.900390625,240900
2018-09-19,11234.349609375,250600
2018-09-21,11143.099609375,719000
2018-09-24,10967.400390625,0
2018-09-25,11067.4501953125,405000
2018-09-26,11053.7998046875,340500
2018-09-27,10977.5498046875,405700
2018-09-28,10930.4501953125,478100
2018-10-01,11008.2998046875,387000
2018-10-03,10858.25,386800
2018-10-04,10599.25,425100
2018-10-05,10316.4501953125,606400
2018-10-08,10348.0498046875,456200
2018-10-09,10301.0498046875,430500
2018-10-10,10460.099609375,0
2018-10-11,10234.650390625,483500
2018-10-12,10472.5,343500
2018-10-15,10512.5,259500
2018-10-16,10584.75,265200
2018-10-17,10453.0498046875,284800
2018-10-19,10303.5498046875,357500
2018-10-22,10245.25,297300
2018-10-23,10146.7998046875,302600
2018-10-24,10224.75,351400
2018-10-25,10124.900390625,0
2018-10-26,10030.0,364300
2018-10-29,10250.849609375,364400
2018-10-30,10198.400390625,289800
2018-10-31,10386.599609375,375000
2018-11-01,10380.4501953125,348500
2018-11-02,10553.0,421200
2018-11-05,10524.0,301900
2018-11-06,10530.0,0
2018-11-07,10598.400390625,31200
2018-11-09,10585.2001953125,296600
2018-11-12,10482.2001953125,259700
2018-11-13,10582.5,254600
2018-11-14,10576.2998046875,384500
2018-11-15,10616.7001953125,0
2018-11-16,10682.2001953125,342800
2018-11-19,10763.400390625,272100
2018-11-20,10656.2001953125,295200
2018-11-21,10600.0498046875,300900
2018-11-22,10526.75,239500
2018-11-26,10628.599609375,0
2018-11-27,10685.599609375,0
2018-11-28,10728.849609375,424500
2018-11-29,10858.7001953125,691300
2018-11-30,10876.75,453900
2018-12-03,10883.75,409700
2018-12-04,10869.5,322100
2018-12-05,10782.900390625,312300
2018-12-06,10601.150390625,318500
2018-12-07,10693.7001953125,325800
2018-12-10,10488.4501953125,381300
2018-12-11,10549.150390625,425500
2018-12-12,10737.599609375,360500
2018-12-13,10791.5498046875,376200
2018-12-14,10805.4501953125,340100
2018-12-17,10888.349609375,296900
2018-12-18,10908.7001953125,286100
2018-12-19,10967.2998046875,312100
2018-12-20,10951.7001953125,318900
2018-12-21,10754.0,377500
2018-12-24,10663.5,223400
2018-12-26,10729.849609375,263700
2018-12-27,10779.7998046875,456100
2018-12-28,10859.900390625,245500
2018-12-31,10862.5498046875,180900
2019-01-02,10792.5,309700
2019-01-03,10672.25,286200
2019-01-04,10727.349609375,296600
2019-01-07,10771.7998046875,269400
2019-01-08,10802.150390625,277700
2019-01-09,10855.150390625,333000
2019-01-10,10821.599609375,254400
2019-01-11,10794.9501953125,260800
2019-01-14,10737.599609375,298800
2019-01-15,10886.7998046875,310700
2019-01-16,10890.2998046875,276500
2019-01-17,10905.2001953125,271700
2019-01-18,10906.9501953125,323800
2019-01-21,10961.849609375,288800
2019-01-22,10922.75,300800
2019-01-23,10831.5,298900
2019-01-24,10849.7998046875,361100
2019-01-25,10780.5498046875,463400
2019-01-28,10661.5498046875,419700
2019-01-29,10652.2001953125,356900
2019-01-30,10651.7998046875,410100
2019-01-31,10830.9501953125,604800
2019-02-01,10893.650390625,482300
2019-02-04,10912.25,318300
2019-02-05,10934.349609375,268100
2019-02-06,11062.4501953125,298500
2019-02-07,11069.400390625,263500
2019-02-08,10943.599609375,352800
2019-02-11,10888.7998046875,286000
2019-02-12,10831.400390625,292300
2019-02-14,10746.0498046875,627000
2019-02-15,10724.400390625,521900
2019-02-18,10640.9501953125,345400
2019-02-19,10604.349609375,291500
2019-02-20,10735.4501953125,289200
2019-02-21,10789.849609375,279600
2019-02-22,10791.650390625,396800
2019-02-25,10880.099609375,385900
2019-02-26,10835.2998046875,415000
2019-02-27,10806.650390625,381100
2019-02-28,10792.5,644200
2019-03-01,10863.5,308500
2019-03-05,10987.4501953125,373200
2019-03-06,11053.0,372600
2019-03-07,11058.2001953125,321200
2019-03-08,11035.400390625,326600
2019-03-11,11168.0498046875,352200
2019-03-12,11301.2001953125,391300
2019-03-13,11341.7001953125,383000
2019-03-14,11343.25,294500
2019-03-15,11426.849609375,463700
2019-03-18,11462.2001953125,320300
2019-03-19,11532.400390625,326100
2019-03-20,11521.0498046875,366300
2019-03-22,11456.900390625,386200
2019-03-25,11354.25,294500
2019-03-26,11483.25,282600
2019-03-27,11445.0498046875,350400
2019-03-28,11570.0,527700
2019-04-01,11669.150390625,379600
2019-04-02,11713.2001953125,386100
2019-04-03,11643.9501953125,365800
2019-04-04,11598.0,349000
2019-04-05,11665.9501953125,266700
2019-04-08,11604.5,260900
2019-04-09,11671.9501953125,300500
2019-04-10,11584.2998046875,359900
2019-04-11,11596.7001953125,279800
2019-04-12,11643.4501953125,246000
2019-04-15,11690.349609375,290000
2019-04-16,11787.150390625,354300
2019-04-18,11752.7998046875,339700
2019-04-22,11594.4501953125,260400
2019-04-23,11575.9501953125,272500
2019-04-24,11726.150390625,335200
2019-04-25,11641.7998046875,604400
2019-04-26,11754.650390625,333500
2019-04-30,11748.150390625,532600
2019-05-02,11724.75,380300
2019-05-03,11712.25,305500
2019-05-06,11598.25,299000
2019-05-07,11497.900390625,337500
2019-05-08,11359.4501953125,372800
2019-05-09,11301.7998046875,373000
2019-05-10,11278.900390625,387300
2019-05-13,11148.2001953125,357600
2019-05-14,11222.0498046875,398100
2019-05-15,11157.0,414200
2019-05-16,11257.099609375,350700
2019-05-17,11407.150390625,412100
2019-05-20,11828.25,452100
2019-05-21,11709.099609375,381000
2019-05-22,11737.900390625,355900
2019-05-23,11657.0498046875,569000
2019-05-24,11844.099609375,374600
2019-05-27,11924.75,348400
2019-05-28,11928.75,598300
2019-05-29,11861.099609375,318100
2019-05-30,11945.900390625,421200
2019-05-31,11922.7998046875,438900
2019-06-03,12088.5498046875,315300
2019-06-04,12021.650390625,289200
2019-06-06,11843.75,415200
2019-06-07,11870.650390625,302500
2019-06-10,11922.7001953125,303300
2019-06-11,11965.599609375,332200
2019-06-12,11906.2001953125,283700
2019-06-13,11914.0498046875,447900
2019-06-14,11823.2998046875,390300
2019-06-17,11672.150390625,295500
2019-06-18,11691.5,365500
2019-06-19,11691.4501953125,446900
2019-06-20,11831.75,442000
2019-06-21,11724.099609375,468400
2019-06-24,11699.650390625,277600
2019-06-25,11796.4501953125,300500
2019-06-26,11847.5498046875,327900
2019-06-27,11841.5498046875,480200
2019-06-28,11788.849609375,303900
2019-07-01,11865.599609375,278400
2019-07-02,11910.2998046875,363200
2019-07-03,11916.75,340500
2019-07-04,11946.75,333600
2019-07-05,11811.150390625,530700
2019-07-08,11558.599609375,464000
2019-07-09,11555.900390625,442500
2019-07-10,11498.900390625,337600
2019-07-11,11582.900390625,317300
2019-07-12,11552.5,359400
2019-07-15,11588.349609375,368800
2019-07-16,11662.599609375,480200
2019-07-17,11687.5,464800
2019-07-18,11596.900390625,498300
2019-07-19,11419.25,446000
2019-07-22,11346.2001953125,516000
2019-07-23,11331.0498046875,458900
2019-07-24,11271.2998046875,413200
2019-07-25,11252.150390625,553700
2019-07-26,11284.2998046875,522700
2019-07-29,11189.2001953125,482900
2019-07-30,11085.400390625,479100
2019-07-31,11118.0,536700
2019-08-01,10980.0,499900
2019-08-02,10997.349609375,547400
2019-08-05,10862.599609375,506600
2019-08-06,10948.25,517900
2019-08-07,10855.5,548500
2019-08-08,11032.4501953125,482500
2019-08-09,11109.650390625,538100
2019-08-13,10925.849609375,624600
2019-08-14,11029.400390625,511500
2019-08-16,11047.7998046875,470900
2019-08-19,11053.900390625,369500
2019-08-20,11017.0,444700
2019-08-21,10918.7001953125,557900
2019-08-22,10741.349609375,668200
2019-08-23,10829.349609375,667100
2019-08-26,11057.849609375,684100
2019-08-27,11105.349609375,685600
2019-08-28,11046.099609375,550000
2019-08-29,10948.2998046875,649900
2019-08-30,11023.25,628200
2019-09-03,10797.900390625,483000
2019-09-04,10844.650390625,508800
2019-09-05,10847.900390625,595700
2019-09-06,10946.2001953125,497200
2019-09-09,11003.0498046875,412500
2019-09-11,11035.7001953125,687100
2019-09-12,10982.7998046875,551400
2019-09-13,11075.900390625,624300
2019-09-16,11003.5,434500
2019-09-17,10817.599609375,482000
2019-09-18,10840.650390625,519200
2019-09-19,10704.7998046875,642600
2019-09-20,11274.2001953125,1356800
2019-09-23,11600.2001953125,882800
2019-09-24,11588.2001953125,651700
2019-09-25,11440.2001953125,629100
2019-09-26,11571.2001953125,844500
2019-09-27,11512.400390625,650000
2019-09-30,11474.4501953125,756800
2019-10-01,11359.900390625,1305400
2019-10-03,11314.0,1017500
2019-10-04,11174.75,928500
2019-10-07,11126.400390625,733200
2019-10-09,11313.2998046875,741100
2019-10-10,11234.5498046875,562000
2019-10-11,11305.0498046875,737800
2019-10-14,11341.150390625,587600
2019-10-15,11428.2998046875,527400
2019-10-16,11464.0,533500
2019-10-17,11586.349609375,797600
2019-10-18,11661.849609375,853400
2019-10-22,11588.349609375,867600
2019-10-23,11604.099609375,664200
2019-10-24,11582.599609375,700500
2019-10-25,11583.900390625,812000
2019-10-29,11786.849609375,951700
2019-10-30,11844.099609375,725200
2019-10-31,11877.4501953125,1414800
2019-11-01,11890.599609375,855300
2019-11-04,11941.2998046875,823100
2019-11-05,11917.2001953125,632000
2019-11-06,11966.0498046875,603400
2019-11-07,12012.0498046875,563000
2019-11-08,11908.150390625,789300
2019-11-11,11913.4501953125,549000
2019-11-13,11840.4501953125,659000
2019-11-14,11872.099609375,559500
2019-11-15,11895.4501953125,580200
2019-11-18,11884.5,514400
2019-11-19,11940.099609375,613900
2019-11-20,11999.099609375,646700
2019-11-21,11968.400390625,557700
2019-11-22,11914.400390625,486800
2019-11-25,12073.75,534300
2019-11-26,12037.7001953125,1201300
2019-11-27,12100.7001953125,584200
2019-11-28,12151.150390625,620500
2019-11-29,12056.0498046875,804400
2019-12-02,12048.2001953125,720900
2019-12-03,11994.2001953125,605800
2019-12-04,12043.2001953125,747200
2019-12-05,12018.400390625,562200
2019-12-06,11921.5,609200
2019-12-09,11937.5,599100
2019-12-10,11856.7998046875,650200
2019-12-11,11910.150390625,997700
2019-12-12,11971.7998046875,752600
2019-12-13,12086.7001953125,597700
2019-12-16,12053.9501953125,437700
2019-12-17,12165.0,499600
2019-12-18,12221.650390625,518900
2019-12-19,12259.7001953125,623100
2019-12-20,12271.7998046875,810700
2019-12-23,12262.75,604800
2019-12-24,12214.5498046875,470300
2019-12-26,12126.5498046875,520300
2019-12-27,12245.7998046875,383800
2019-12-30,12255.849609375,411100
2019-12-31,12168.4501953125,426900
2020-01-01,12182.5,304100
2020-01-02,12282.2001953125,407700
2020-01-03,12226.650390625,428800
2020-01-06,11993.0498046875,396500
2020-01-07,12052.9501953125,447800
2020-01-08,12025.349609375,446000
2020-01-09,12215.900390625,477500
2020-01-10,12256.7998046875,660600
2020-01-13,12329.5498046875,501000
2020-01-14,12362.2998046875,616300
2020-01-15,12343.2998046875,684400
2020-01-16,12355.5,395700
2020-01-17,12352.349609375,502100
2020-01-20,12224.5498046875,491600
2020-01-21,12169.849609375,400
2020-01-22,12106.900390625,500
2020-01-23,12180.349609375,867700
2020-01-24,12248.25,593200
2020-01-27,12119.0,441200
2020-01-28,12055.7998046875,478500
2020-01-29,12129.5,514400
2020-01-30,12035.7998046875,538100
2020-01-31,11962.099609375,771300
2020-02-03,11707.900390625,669800
2020-02-04,11979.650390625,560400
2020-02-05,12089.150390625,758000
2020-02-06,12137.9501953125,565100
2020-02-07,12098.349609375,473500
2020-02-10,12031.5,524700
2020-02-11,12107.900390625,480000
2020-02-12,12201.2001953125,411700
2020-02-13,12174.650390625,501200
2020-02-14,12113.4501953125,622800
2020-02-17,12045.7998046875,0
2020-02-18,11992.5,676900
2020-02-19,12125.900390625,513600
2020-02-20,12080.849609375,502600
2020-02-24,11829.400390625,490800
2020-02-25,11797.900390625,461000
2020-02-26,11678.5,567600
2020-02-27,11633.2998046875,608600
2020-02-28,11201.75,809900
2020-03-02,11132.75,680800
2020-03-03,11303.2998046875,696500
2020-03-04,11251.0,797700
2020-03-05,11269.0,1352500
2020-03-06,10989.4501953125,1811000
2020-03-09,10451.4501953125,1565500
2020-03-11,10458.400390625,1218500
2020-03-12,9590.150390625,1343500
2020-03-13,9955.2001953125,1388000
2020-03-16,9197.400390625,897700
2020-03-17,8967.0498046875,935600
2020-03-18,8468.7998046875,1516600
2020-03-19,8263.4501953125,925700
2020-03-20,8745.4501953125,1071500
2020-03-23,7610.25,653500
2020-03-24,7801.0498046875,738400
2020-03-25,8317.849609375,736900
2020-03-26,8641.4501953125,865600
2020-03-27,8660.25,801500
2020-03-30,8281.099609375,593300
2020-03-31,8597.75,712700
2020-04-01,8253.7998046875,506300
2020-04-03,8083.7998046875,697000
2020-04-07,8792.2001953125,814200
2020-04-08,8748.75,896500
2020-04-09,9111.900390625,742100
2020-04-13,8993.849609375,644000
2020-04-15,8925.2998046875,879100
2020-04-16,8992.7998046875,719400
2020-04-17,9266.75,684200
2020-04-20,9261.849609375,726400
2020-04-21,8981.4501953125,655100
2020-04-22,9187.2998046875,734400
2020-04-23,9313.900390625,666700
2020-04-24,9154.400390625,659400
2020-04-27,9282.2998046875,512800
2020-04-28,9380.900390625,614500
2020-04-29,9553.349609375,653000
2020-04-30,9859.900390625,931200
2020-05-04,9293.5,687500
2020-05-05,9205.599609375,725200
2020-05-06,9270.900390625,722200
2020-05-07,9199.0498046875,708700
2020-05-08,9251.5,609100
2020-05-11,9239.2001953125,704600
2020-05-12,9196.5498046875,805500
2020-05-13,9383.5498046875,846400
2020-05-14,9142.75,602600
2020-05-15,9136.849609375,575900
2020-05-18,8823.25,773000
2020-05-19,8879.099609375,762200
2020-05-20,9066.5498046875,622300
2020-05-21,9106.25,631500
2020-05-22,9039.25,675800
2020-05-26,9029.0498046875,655000
2020-05-27,9314.9501953125,763500
2020-05-28,9490.099609375,837900
2020-05-29,9580.2998046875,967000
2020-06-01,9826.150390625,794200
2020-06-02,9979.099609375,770200
2020-06-03,10061.5498046875,794700
2020-06-04,10029.099609375,775100
2020-06-05,10142.150390625,987100
2020-06-08,10167.4501953125,936500
2020-06-09,10046.650390625,754200
2020-06-10,10116.150390625,632400
2020-06-11,9902.0,715500
2020-06-12,9972.900390625,796300
2020-06-15,9813.7001953125,716100
2020-06-16,9914.0,899900
2020-06-17,9881.150390625,685400
2020-06-18,10091.650390625,622900
2020-06-19,10244.400390625,892100
2020-06-22,10311.2001953125,685400
2020-06-23,10471.0,669200
2020-06-24,10305.2998046875,854800
2020-06-25,10288.900390625,994200
2020-06-26,10383.0,671900
2020-06-29,10312.400390625,574500
2020-06-30,10302.099609375,556200
2020-07-01,10430.0498046875,573600
2020-07-02,10551.7001953125,597400
2020-07-03,10607.349609375,525200
2020-07-06,10763.650390625,571200
2020-07-07,10799.650390625,636800
2020-07-08,10705.75,767900
2020-07-09,10813.4501953125,618700
2020-07-10,10768.0498046875,590700
2020-07-13,10802.7001953125,554100
2020-07-14,10607.349609375,532400
2020-07-15,10618.2001953125,715900
2020-07-16,10739.9501953125,694400
2020-07-17,10901.7001953125,676900
2020-07-20,11022.2001953125,554300
2020-07-21,11162.25,772000
2020-07-22,11132.599609375,765100
2020-07-23,11215.4501953125,621600
2020-07-24,11194.150390625,678900
2020-07-27,11131.7998046875,588100
2020-07-28,11300.5498046875,683900
2020-07-29,11202.849609375,600700
2020-07-30,11102.150390625,677800
2020-07-31,11073.4501953125,642600
2020-08-03,10891.599609375,680900
2020-08-04,11095.25,625700
2020-08-05,11101.650390625,667600
2020-08-06,11200.150390625,600400
2020-08-07,11214.0498046875,452600
2020-08-10,11270.150390625,492000
2020-08-11,11322.5,586100
2020-08-12,11308.400390625,609900
2020-08-13,11300.4501953125,562400
2020-08-14,11178.400390625,645100
2020-08-17,11247.099609375,634000
2020-08-18,11385.349609375,579200
2020-08-19,11408.400390625,626200
2020-08-20,11312.2001953125,791600
2020-08-21,11371.599609375,668700
2020-08-24,11466.4501953125,532900
2020-08-25,11472.25,638200
2020-08-26,11549.599609375,743400
2020-08-27,11559.25,719800
2020-08-28,11647.599609375,807000
2020-08-31,11387.5,1371800
2020-09-01,11470.25,783800
2020-09-02,11535.0,593500
2020-09-03,11527.4501953125,607100
2020-09-04,11333.849609375,681300
2020-09-07,11355.0498046875,560300
2020-09-08,11317.349609375,572200
2020-09-09,11278.0,728900
2020-09-10,11449.25,679400
2020-09-11,11464.4501953125,554800
2020-09-14,11440.0498046875,642300
2020-09-15,11521.7998046875,506700
2020-09-16,11604.5498046875,527800
2020-09-17,11516.099609375,0
2020-09-18,11504.9501953125,764200
2020-09-21,11250.5498046875,602900
2020-09-22,11153.650390625,672200
2020-09-23,11131.849609375,714900
2020-09-24,10805.5498046875,706100
2020-09-25,11050.25,559600
2020-09-28,11227.5498046875,472800
2020-09-29,11222.400390625,498300
2020-09-30,11247.5498046875,499300
2020-10-01,11416.9501953125,447700
2020-10-05,11503.349609375,530600
2020-10-06,11662.400390625,561400
2020-10-07,11738.849609375,513400
2020-10-08,11834.599609375,608800
2020-10-09,11914.2001953125,611100
2020-10-12,11930.9501953125,522600
2020-10-13,11934.5,458300
2020-10-14,11971.0498046875,569200
2020-10-15,11680.349609375,608900
2020-10-16,11762.4501953125,555800
2020-10-19,11873.0498046875,541400
2020-10-20,11896.7998046875,453600
2020-10-21,11937.650390625,623700
2020-10-22,11896.4501953125,544900
2020-10-23,11930.349609375,502300
2020-10-26,11767.75,519800
2020-10-27,11889.400390625,616300
2020-10-28,11729.599609375,704000
2020-10-29,11670.7998046875,555000
2020-10-30,11642.400390625,553700
2020-11-02,11669.150390625,568400
2020-11-03,11813.5,674300
2020-11-04,11908.5,667300
2020-11-05,12120.2998046875,632500
2020-11-06,12263.5498046875,576800
2020-11-09,12461.0498046875,553400
2020-11-10,12631.099609375,847500
2020-11-11,12749.150390625,880500
2020-11-12,12690.7998046875,622000
2020-11-13,12719.9501953125,513900
2020-11-17,12874.2001953125,707700
2020-11-18,12938.25,731300
2020-11-19,12771.7001953125,768800
2020-11-20,12859.0498046875,664000
2020-11-23,12926.4501953125,633100
2020-11-24,13055.150390625,571900
2020-11-25,12858.400390625,679000
2020-11-26,12987.0,549800
2020-11-27,12968.9501953125,1162400
2020-12-01,13109.0498046875,583600
2020-12-02,13113.75,717700
2020-12-03,13133.900390625,713700
2020-12-04,13258.5498046875,640500
2020-12-07,13355.75,591700
2020-12-08,13392.9501953125,543200
2020-12-09,13529.099609375,502600
2020-12-10,13478.2998046875,553400
2020-12-11,13513.849609375,787700
2020-12-14,13558.150390625,558400
2020-12-15,13567.849609375,497600
2020-12-16,13682.7001953125,462200
2020-12-17,13740.7001953125,416000
2020-12-18,13760.5498046875,519400
2020-12-21,13328.400390625,687300
2020-12-22,13466.2998046875,696200
2020-12-23,13601.099609375,458700
2020-12-24,13749.25,471400
2020-12-28,13873.2001953125,403600
2020-12-29,13932.599609375,439600
2020-12-30,13981.9501953125,380700
2020-12-31,13981.75,452400
2021-01-01,14018.5,358100
2021-01-04,14132.900390625,495000
2021-01-05,14199.5,492500
2021-01-06,14146.25,632300
2021-01-07,14137.349609375,559200
2021-01-08,14347.25,613500
2021-01-11,14484.75,672900
2021-01-12,14563.4501953125,929600
2021-01-13,14564.849609375,874000
2021-01-14,14595.599609375,620200
2021-01-15,14433.7001953125,789600
2021-01-18,14281.2998046875,762000
2021-01-19,14521.150390625,546100
2021-01-20,14644.7001953125,623100
2021-01-21,14590.349609375,704600
2021-01-22,14371.900390625,776800
2021-01-25,14238.900390625,618600
2021-01-27,13967.5,660700
2021-01-28,13817.5498046875,637900
2021-01-29,13634.599609375,753200
2021-02-01,14281.2001953125,870500
2021-02-02,14647.849609375,915000
2021-02-03,14789.9501953125,869500
2021-02-04,14895.650390625,884700
2021-02-05,14924.25,935600
2021-02-08,15115.7998046875,671200
2021-02-09,15109.2998046875,713300
2021-02-10,15106.5,624800
2021-02-11,15173.2998046875,500100
2021-02-12,15163.2998046875,571800
2021-02-15,15314.7001953125,456000
2021-02-16,15313.4501953125,648500
2021-02-17,15208.900390625,504800
2021-02-18,15118.9501953125,770600
2021-02-19,14981.75,712200
2021-02-22,14675.7001953125,609900
2021-02-23,14707.7998046875,744100
2021-02-24,14982.0,403800
2021-02-25,15097.349609375,803900
2021-02-26,14529.150390625,1103600
2021-03-01,14761.5498046875,507300
2021-03-02,14919.099609375,621700
2021-03-03,15245.599609375,544200
2021-03-04,15080.75,534900
2021-03-05,14938.099609375,640700
2021-03-08,14956.2001953125,0
2021-03-09,15098.400390625,675300
2021-03-10,15174.7998046875,404600
2021-03-12,15030.9501953125,493200
2021-03-15,14929.5,467500
2021-03-16,14910.4501953125,100
2021-03-17,14721.2998046875,100
2021-03-18,14557.849609375,542200
2021-03-19,14744.0,919200
2021-03-22,14736.400390625,459000
2021-03-23,14814.75,474200
2021-03-24,14549.400390625,456400
2021-03-25,14324.900390625,606800
2021-03-26,14507.2998046875,481000
2021-03-30,14845.099609375,594500
2021-03-31,14690.7001953125,463900
2021-04-01,14867.349609375,445000
2021-04-05,14637.7998046875,509700
2021-04-06,14683.5,475300
2021-04-07,14819.0498046875,0
2021-04-08,14873.7998046875,514800
2021-04-09,14834.849609375,504100
2021-04-12,14310.7998046875,650200
2021-04-13,14504.7998046875,605100
2021-04-15,14581.4501953125,568000
2021-04-16,14617.849609375,577200
2021-04-19,14359.4501953125,512300
2021-04-20,14296.400390625,467400
2021-04-22,14406.150390625,524600
2021-04-23,14341.349609375,498100
2021-04-26,14485.0,452700
2021-04-27,14653.0498046875,451800
2021-04-28,14864.5498046875,457000
2021-04-29,14894.900390625,517500
2021-04-30,14631.099609375,613900
2021-05-03,14634.150390625,448900
2021-05-04,14496.5,503400
2021-05-05,14617.849609375,455900
2021-05-06,14724.7998046875,467800
2021-05-07,14823.150390625,488000
2021-05-10,14942.349609375,522000
2021-05-11,14850.75,647400
2021-05-12,14696.5,643800
2021-05-14,14677.7998046875,620700
2021-05-17,14923.150390625,546400
2021-05-18,15108.099609375,583900
2021-05-19,15030.150390625,569100
2021-05-20,14906.0498046875,480300
2021-05-21,15175.2998046875,572900
2021-05-24,15197.7001953125,579800
2021-05-25,15208.4501953125,441500
2021-05-26,15301.4501953125,384000
2021-05-27,15337.849609375,0
2021-05-28,15435.650390625,468100
2021-05-31,15582.7998046875,436000
2021-06-01,15574.849609375,409600
2021-06-02,15576.2001953125,428600
2021-06-03,15690.349609375,410200
2021-06-04,15670.25,414200
2021-06-07,15751.650390625,394000
2021-06-08,15740.099609375,378200
2021-06-09,15635.349609375,457900
2021-06-10,15737.75,298300
2021-06-11,15799.349609375,363000
2021-06-14,15811.849609375,392900
2021-06-15,15869.25,323300
2021-06-16,15767.5498046875,340200
2021-06-17,15691.400390625,357600
2021-06-18,15683.349609375,640800
2021-06-21,15746.5,351500
2021-06-22,15772.75,322200
2021-06-23,15686.9501953125,287500
2021-06-24,15790.4501953125,316700
2021-06-25,15860.349609375,314600
2021-06-28,15814.7001953125,255100
2021-06-29,15748.4501953125,360300
2021-06-30,15721.5,262400
2021-07-01,15680.0,224900
2021-07-02,15722.2001953125,254800
2021-07-05,15834.349609375,207000
2021-07-06,15818.25,391400
2021-07-07,15879.650390625,329300
2021-07-08,15727.900390625,307900
2021-07-09,15689.7998046875,243200
2021-07-12,15692.599609375,216300
2021-07-13,15812.349609375,246700
2021-07-14,15853.9501953125,0
2021-07-15,15924.2001953125,284900
2021-07-16,15923.400390625,276300
2021-07-19,15752.400390625,242100
2021-07-20,15632.099609375,274300
2021-07-22,15824.0498046875,265300
2021-07-23,15856.0498046875,294100
2021-07-26,15824.4501953125,267100
2021-07-27,15746.4501953125,311000
2021-07-28,15709.400390625,318600
2021-07-29,15778.4501953125,401600
2021-07-30,15763.0498046875,400000
2021-08-02,15885.150390625,244800
2021-08-03,16130.75,341300
2021-08-04,16258.7998046875,427300
2021-08-05,16294.599609375,418200
2021-08-06,16238.2001953125,320100
2021-08-09,16258.25,240500
2021-08-10,16280.099609375,288000
2021-08-11,16282.25,277900
2021-08-12,16364.400390625,280200
2021-08-13,16529.099609375,321900
2021-08-16,16563.05078125,254000
2021-08-17,16614.599609375,297400
2021-08-18,16568.849609375,251800
2021-08-20,16450.5,350800
2021-08-23,16496.44921875,275600
2021-08-24,16624.599609375,275400
2021-08-25,16634.650390625,265900
2021-08-26,16636.900390625,253500
2021-08-27,16705.19921875,217400
2021-08-30,16931.05078125,283500
2021-08-31,17132.19921875,464400
2021-09-01,17076.25,301900
2021-09-02,17234.150390625,242400
2021-09-03,17323.599609375,261400
2021-09-06,17377.80078125,228000
2021-09-07,17362.099609375,243400
2021-09-08,17353.5,252700
2021-09-09,17369.25,241500
2021-09-13,17355.30078125,241100
2021-09-14,17380.0,230400
2021-09-15,17519.44921875,388200
2021-09-16,17629.5,503300
2021-09-17,17585.150390625,508300
2021-09-20,17396.900390625,339100
2021-09-21,17562.0,363600
2021-09-22,17546.650390625,295200
2021-09-23,17822.94921875,320500
2021-09-24,17853.19921875,360100
2021-09-27,17855.099609375,295700
2021-09-28,17748.599609375,398000
2021-09-29,17711.30078125,562200
2021-09-30,17618.150390625,378600
2021-10-01,17532.05078125,305800
2021-10-04,17691.25,295800
2021-10-05,17822.30078125,427000
2021-10-06,17646.0,395800
2021-10-07,17790.349609375,419900
2021-10-08,17895.19921875,324100
2021-10-11,17945.94921875,375800
2021-10-12,17991.94921875,355600
2021-10-13,18161.75,506700
2021-10-14,18338.55078125,538700
2021-10-18,18477.05078125,469900
2021-10-19,18418.75,368200
2021-10-20,18266.599609375,371300
2021-10-21,18178.099609375,365900
2021-10-22,18114.900390625,324700
2021-10-25,18125.400390625,418700
2021-10-26,18268.400390625,341400
2021-10-27,18210.94921875,335200
2021-10-28,17857.25,374200
2021-10-29,17671.650390625,336500
2021-11-01,17929.650390625,281200
2021-11-02,17888.94921875,296400
2021-11-03,17829.19921875,331000
2021-11-04,17916.80078125,48500
2021-11-08,18068.55078125,338900
2021-11-09,18044.25,270200
2021-11-10,18017.19921875,261400
2021-11-11,17873.599609375,232100
2021-11-12,18102.75,249100
2021-11-15,18109.44921875,280400
2021-11-16,17999.19921875,267400
2021-11-17,17898.650390625,295700
2021-11-18,17764.80078125,278400
2021-11-22,17416.55078125,356400
2021-11-23,17503.349609375,308800
2021-11-24,17415.05078125,298100
2021-11-25,17536.25,255900
2021-11-26,17026.44921875,356300
2021-11-29,17053.94921875,348900
2021-11-30,16983.19921875,498000
2021-12-01,17166.900390625,295500
2021-12-02,17401.650390625,279900
2021-12-03,17196.69921875,292500
2021-12-06,16912.25,231700
2021-12-07,17176.69921875,254100
2021-12-08,17469.75,257800
2021-12-09,17516.849609375,237200
2021-12-10,17511.30078125,204500
2021-12-13,17368.25,256600
2021-12-14,17324.900390625,271000
2021-12-15,17221.400390625,215000
2021-12-16,17248.400390625,219500
2021-12-17,16985.19921875,354600
2021-12-20,16614.19921875,330600
2021-12-21,16770.849609375,241000
2021-12-22,16955.44921875,207900
2021-12-23,17072.599609375,197000
2021-12-24,17003.75,182600
2021-12-27,17086.25,144800
2021-12-28,17233.25,176000
2021-12-29,17213.599609375,161700
2021-12-30,17203.94921875,320800
2021-12-31,17354.05078125,167000
2022-01-03,17625.69921875,200500
2022-01-04,17805.25,247400
2022-01-05,17925.25,251500
2022-01-06,17745.900390625,236500
2022-01-07,17812.69921875,239300
2022-01-10,18003.30078125,232400
2022-01-11,18055.75,220200
2022-01-12,18212.349609375,245000
2022-01-13,18257.80078125,303700
2022-01-14,18255.75,229500
2022-01-17,18308.099609375,266700
2022-01-18,18113.05078125,227500
2022-01-19,17938.400390625,276700
2022-01-20,17757.0,258100
2022-01-21,17617.150390625,277600
2022-01-24,17149.099609375,323800
2022-01-25,17277.94921875,326500
2022-01-27,17110.150390625,395600
2022-01-28,17101.94921875,355300
2022-01-31,17339.849609375,321700
2022-02-01,17576.849609375,386400
2022-02-02,17780.0,271200
2022-02-03,17560.19921875,226600
2022-02-04,17516.30078125,261400
2022-02-07,17213.599609375,265000
2022-02-08,17266.75,268500
2022-02-09,17463.80078125,236400
2022-02-10,17605.849609375,273600
2022-02-11,17374.75,253100
2022-02-14,16842.80078125,305500
2022-02-15,17352.44921875,298700
2022-02-16,17322.19921875,244500
2022-02-17,17304.599609375,232100
2022-02-18,17276.30078125,189600
2022-02-21,17206.650390625,215200
2022-02-22,17092.19921875,300100
2022-02-23,17063.25,200200
2022-02-24,16247.9501953125,458000
2022-02-25,16658.400390625,329800
2022-02-28,16793.900390625,404200
2022-03-02,16605.94921875,517700
2022-03-03,16498.05078125,442100
2022-03-04,16245.349609375,456100
2022-03-07,15863.150390625,585400
2022-03-08,16013.4501953125,543600
2022-03-09,16345.349609375,462200
2022-03-10,16594.900390625,486400
2022-03-11,16630.44921875,343700
2022-03-14,16871.30078125,314700
2022-03-15,16663.0,381600
2022-03-16,16975.349609375,260000
2022-03-17,17287.05078125,448300
2022-03-21,17117.599609375,285500
2022-03-22,17315.5,338300
2022-03-23,17245.650390625,292100
2022-03-24,17222.75,290300
2022-03-25,17153.0,237100
2022-03-28,17222.0,253200
2022-03-29,17325.30078125,235100
2022-03-30,17498.25,505000
2022-03-31,17464.75,281100
2022-04-01,17670.44921875,291800
2022-04-04,18053.400390625,345500
2022-04-05,17957.400390625,283500
2022-04-06,17807.650390625,328800
2022-04-07,17639.55078125,308800
2022-04-08,17784.349609375,274400
2022-04-11,17674.94921875,251700
2022-04-12,17530.30078125,266000
2022-04-13,17475.650390625,245100
2022-04-18,17173.650390625,376100
2022-04-19,16958.650390625,401400
2022-04-20,17136.55078125,286100
2022-04-21,17392.599609375,285200
2022-04-22,17171.94921875,262700
2022-04-25,16953.94921875,275700
2022-04-26,17200.80078125,261100
2022-04-27,17038.400390625,265100
2022-04-28,17245.05078125,312900
2022-04-29,17102.55078125,336200
2022-05-02,17069.099609375,278200
2022-05-04,16677.599609375,310600
2022-05-05,16682.650390625,265800
2022-05-06,16411.25,300500
2022-05-09,16301.849609375,288400
2022-05-10,16240.0498046875,283100
2022-05-11,16167.099609375,284300
2022-05-12,15808.0,314900
2022-05-13,15782.150390625,369100
2022-05-16,15842.2998046875,217600
2022-05-17,16259.2998046875,295700
2022-05-18,16240.2998046875,290400
2022-05-19,15809.400390625,313900
2022-05-20,16266.150390625,252400
2022-05-23,16214.7001953125,293800
2022-05-24,16125.150390625,249800
2022-05-25,16025.7998046875,243300
2022-05-26,16170.150390625,314300
2022-05-27,16352.4501953125,274100
2022-05-30,16661.400390625,251400
2022-05-31,16584.55078125,651600
2022-06-01,16522.75,249600
2022-06-02,16628.0,236000
2022-06-03,16584.30078125,245500
2022-06-06,16569.55078125,233600
2022-06-07,16416.349609375,233800
2022-06-08,16356.25,243500
2022-06-09,16478.099609375,205000
2022-06-10,16201.7998046875,189700
2022-06-13,15774.400390625,225500
2022-06-14,15732.099609375,225400
2022-06-15,15692.150390625,183000
2022-06-16,15360.599609375,264700
2022-06-17,15293.5,342600
2022-06-20,15350.150390625,260000
2022-06-21,15638.7998046875,262800
2022-06-22,15413.2998046875,220900
2022-06-23,15556.650390625,259200
2022-06-24,15699.25,219600
2022-06-27,15832.0498046875,210900
2022-06-28,15850.2001953125,251900
2022-06-29,15799.099609375,444900
2022-06-30,15780.25,306000
2022-07-01,15752.0498046875,364100
2022-07-04,15835.349609375,304300
2022-07-05,15810.849609375,254200
2022-07-06,15989.7998046875,288400
2022-07-07,16132.900390625,264600
2022-07-08,16220.599609375,281100
2022-07-11,16216.0,255900
2022-07-12,16058.2998046875,208600
2022-07-13,15966.650390625,233300
2022-07-14,15938.650390625,228600
2022-07-15,16049.2001953125,205800
2022-07-18,16278.5,227700
2022-07-19,16340.5498046875,222600
2022-07-20,16520.849609375,284400
2022-07-21,16605.25,243600
2022-07-22,16719.44921875,190900
2022-07-25,16631.0,211400
2022-07-26,16483.849609375,208200
2022-07-27,16641.80078125,185200
2022-07-28,16929.599609375,376300
2022-07-29,17158.25,436100
2022-08-01,17340.05078125,381500
2022-08-02,17345.44921875,333600
2022-08-03,17388.150390625,285400
2022-08-04,17382.0,325000
2022-08-05,17397.5,355300
2022-08-08,17525.099609375,257000
2022-08-10,17534.75,312700
2022-08-11,17659.0,311200
2022-08-12,17698.150390625,303900
2022-08-16,17825.25,0
2022-08-17,17944.25,262800
2022-08-18,17956.5,263900
2022-08-19,17758.44921875,295600
2022-08-22,17490.69921875,287600
2022-08-23,17577.5,285600
2022-08-24,17604.94921875,262000
2022-08-25,17522.44921875,230200
2022-08-26,17558.900390625,266600
2022-08-29,17312.900390625,244900
2022-08-30,17759.30078125,324700
2022-09-01,17542.80078125,308500
2022-09-02,17539.44921875,256300
2022-09-05,17665.80078125,230300
2022-09-06,17655.599609375,251200
2022-09-07,17624.400390625,354100
2022-09-08,17798.75,279800
2022-09-09,17833.349609375,270300
2022-09-12,17936.349609375,228200
2022-09-13,18070.05078125,259900
2022-09-14,18003.75,365900
2022-09-15,17877.400390625,289600
2022-09-16,17530.849609375,468500
2022-09-19,17622.25,258300
2022-09-20,17816.25,263100
2022-09-21,17718.349609375,245500
2022-09-22,17629.80078125,284100
2022-09-23,17327.349609375,390800
2022-09-26,17016.30078125,492000
2022-09-27,17007.400390625,359900
2022-09-28,16858.599609375,323900
2022-09-29,16818.099609375,340000
2022-09-30,17094.349609375,376100
2022-10-03,16887.349609375,278400
2022-10-04,17274.30078125,226000
2022-10-06,17331.80078125,265500
2022-10-07,17314.650390625,216300
2022-10-10,17241.0,234000
2022-10-11,16983.55078125,282600
2022-10-12,17123.599609375,256000
2022-10-13,17014.349609375,266400
2022-10-14,17185.69921875,227000
2022-10-17,17311.80078125,212200
2022-10-18,17486.94921875,239500
2022-10-19,17512.25,210500
2022-10-20,17563.94921875,249600
2022-10-21,17576.30078125,277700
2022-10-24,17730.75,45000
2022-10-25,17656.349609375,251400
2022-10-27,17736.94921875,324600
2022-10-28,17786.80078125,250000
2022-10-31,18012.19921875,227200
2022-11-01,18145.400390625,349900
2022-11-02,18082.849609375,270900
2022-11-03,18052.69921875,213000
2022-11-04,18117.150390625,267900
2022-11-07,18202.80078125,314800
2022-11-09,18157.0,307200
2022-11-10,18028.19921875,256500
2022-11-11,18349.69921875,378500
2022-11-14,18329.150390625,301400
2022-11-15,18403.400390625,250900
2022-11-16,18409.650390625,219300
2022-11-17,18343.900390625,200500
2022-11-18,18307.650390625,198800
2022-11-21,18159.94921875,213800
2022-11-22,18244.19921875,177700
2022-11-23,18267.25,178800
2022-11-24,18484.099609375,204000
2022-11-25,18512.75,205900
2022-11-28,18562.75,206500
2022-11-29,18618.05078125,195300
2022-11-30,18758.349609375,345600
2022-12-01,18812.5,325000
2022-12-02,18696.099609375,254400
2022-12-05,18701.05078125,288400
2022-12-06,18642.75,217800
2022-12-07,18560.5,200500
2022-12-08,18609.349609375,202800
2022-12-09,18496.599609375,215800
2022-12-12,18497.150390625,193900
2022-12-13,18608.0,187600
2022-12-14,18660.30078125,208000
2022-12-15,18414.900390625,183100
2022-12-16,18269.0,277700
2022-12-19,18420.44921875,154800
2022-12-20,18385.30078125,169000
2022-12-21,18199.099609375,187600
2022-12-22,18127.349609375,195700
2022-12-23,17806.80078125,221500
2022-12-26,18014.599609375,176700
2022-12-27,18132.30078125,214300
2022-12-28,18122.5,193900
2022-12-29,18191.0,281100
2022-12-30,18105.30078125,192000
2023-01-02,18197.44921875,256100
2023-01-03,18232.55078125,208700
2023-01-04,18042.94921875,235200
2023-01-05,17992.150390625,269900
2023-01-06,17859.44921875,238200
2023-01-09,18101.19921875,257200
2023-01-10,17914.150390625,283300
2023-01-11,17895.69921875,259900
2023-01-12,17858.19921875,227800
2023-01-13,17956.599609375,256700
2023-01-16,17894.849609375,206200
2023-01-17,18053.30078125,219100
2023-01-18,18165.349609375,255800
2023-01-19,18107.849609375,237800
2023-01-20,18027.650390625,237200
2023-01-23,18118.55078125,202500
2023-01-24,18118.30078125,216900
2023-01-25,17891.94921875,257200
2023-01-27,17604.349609375,476300
2023-01-30,17648.94921875,432400
2023-01-31,17662.150390625,398300
2023-02-01,17616.30078125,512900
2023-02-02,17610.400390625,490100
2023-02-03,17854.05078125,424100
2023-02-06,17764.599609375,282500
2023-02-07,17721.5,354400
2023-02-08,17871.69921875,291000
2023-02-09,17893.44921875,260900
2023-02-10,17856.5,232000
2023-02-13,17770.900390625,231300
2023-02-14,17929.849609375,244500
2023-02-15,18015.849609375,229300
2023-02-16,18035.849609375,230200
2023-02-17,17944.19921875,208100
2023-02-20,17844.599609375,174600
2023-02-21,17826.69921875,198200
2023-02-22,17554.30078125,204000
2023-02-23,17511.25,240800
2023-02-24,17465.80078125,209400
2023-02-27,17392.69921875,246400
2023-02-28,17303.94921875,420900
2023-03-01,17450.900390625,272900
2023-03-02,17321.900390625,310700
2023-03-03,17594.349609375,356200
2023-03-06,17711.44921875,362800
2023-03-08,17754.400390625,267000
2023-03-09,17589.599609375,262400
2023-03-10,17412.900390625,235900
2023-03-13,17154.30078125,254900
2023-03-14,17043.30078125,290600
2023-03-15,16972.150390625,248200
2023-03-16,16985.599609375,349800
2023-03-17,17100.05078125,408100
2023-03-20,16988.400390625,241800
2023-03-21,17107.5,246700
2023-03-22,17151.900390625,0
2023-03-23,17076.900390625,219200
2023-03-24,16945.05078125,228000
2023-03-27,16985.69921875,218400
2023-03-28,16951.69921875,238800
2023-03-29,17080.69921875,345900
2023-03-31,17359.75,263900
2023-04-03,17398.05078125,230200
2023-04-05,17557.05078125,248300
2023-04-06,17599.150390625,242700
2023-04-10,17624.05078125,254800
2023-04-11,17722.30078125,304300
2023-04-12,17812.400390625,232800
2023-04-13,17828.0,285800
2023-04-17,17706.849609375,357400
2023-04-18,17660.150390625,258900
2023-04-19,17618.75,281500
2023-04-20,17624.44921875,215100
2023-04-21,17624.05078125,230200
2023-04-24,17743.400390625,255700
2023-04-25,17769.25,297400
2023-04-26,17813.599609375,233000
2023-04-27,17915.05078125,241400
2023-04-28,18065.0,290300
2023-05-02,18147.650390625,265200
2023-05-03,18089.849609375,226200
2023-05-04,18255.80078125,226600
2023-05-05,18069.0,239700
2023-05-08,18264.400390625,228400
2023-05-09,18265.94921875,245400
2023-05-10,18315.099609375,220500
2023-05-11,18297.0,248900
2023-05-12,18314.80078125,241700
2023-05-15,18398.849609375,216100
2023-05-16,18286.5,219500
2023-05-17,18181.75,229900
2023-05-18,18129.94921875,272100
2023-05-19,18203.400390625,260900
2023-05-22,18314.400390625,262600
2023-05-23,18348.0,270400
2023-05-24,18285.400390625,232600
2023-05-25,18321.150390625,235900
2023-05-26,18499.349609375,198700
2023-05-29,18598.650390625,265300
2023-05-30,18633.849609375,234400
2023-05-31,18534.400390625,696500
2023-06-01,18487.75,265600
2023-06-02,18534.099609375,270900
2023-06-05,18593.849609375,256100
2023-06-06,18599.0,220800
2023-06-07,18726.400390625,260100
2023-06-08,18634.55078125,286500
2023-06-09,18563.400390625,221800
2023-06-12,18601.5,179500
2023-06-13,18716.150390625,233200
2023-06-14,18755.900390625,261400
2023-06-15,18688.099609375,263000
2023-06-16,18826.0,272800
2023-06-19,18755.44921875,219800
2023-06-20,18816.69921875,211600
2023-06-21,18856.849609375,217500
2023-06-22,18771.25,252700
2023-06-23,18665.5,210600
2023-06-26,18691.19921875,171300
2023-06-27,18817.400390625,222500
2023-06-28,18972.099609375,398800
2023-06-30,19189.05078125,247900
2023-07-03,19322.55078125,226100
2023-07-04,19389.0,226900
2023-07-05,19398.5,224400
2023-07-06,19497.30078125,268300
2023-07-07,19331.80078125,237100
2023-07-10,19355.900390625,268200
2023-07-11,19439.400390625,251300
2023-07-12,19384.30078125,327900
2023-07-13,19413.75,310400
2023-07-14,19564.5,291200
2023-07-17,19711.44921875,268700
2023-07-18,19749.25,286400
2023-07-19,19833.150390625,259700
2023-07-20,19979.150390625,274700
2023-07-21,19745.0,312500
2023-07-24,19672.349609375,265600
2023-07-25,19680.599609375,369700
2023-07-26,19778.30078125,244700
2023-07-27,19659.900390625,334900
2023-07-28,19646.05078125,258700
2023-07-31,19753.80078125,295100
2023-08-01,19733.55078125,298000
2023-08-02,19526.55078125,290700
2023-08-03,19381.650390625,315700
2023-08-04,19517.0,280800
2023-08-07,19597.30078125,216600
2023-08-08,19570.849609375,260300
2023-08-09,19632.55078125,266500
2023-08-10,19543.099609375,312200
2023-08-11,19428.30078125,235500
2023-08-14,19434.55078125,243900
2023-08-16,19465.0,0
2023-08-17,19365.25,268700
2023-08-18,19310.150390625,256100
2023-08-21,19393.599609375,262600
2023-08-22,19396.44921875,208700
2023-08-23,19444.0,225200
2023-08-24,19386.69921875,268300
2023-08-25,19265.80078125,466500
2023-08-28,19306.05078125,248200
2023-08-29,19342.650390625,307400
2023-08-30,19347.44921875,233000
2023-08-31,19253.80078125,562600
2023-09-01,19435.30078125,333000
2023-09-04,19528.80078125,296800
2023-09-05,19574.900390625,256800
2023-09-06,19611.05078125,287600
2023-09-07,19727.05078125,304900
2023-09-08,19819.94921875,288100
2023-09-11,19996.349609375,248800
2023-09-12,19993.19921875,328100
2023-09-13,20070.0,251400
2023-09-14,20103.099609375,275100
2023-09-15,20192.349609375,438200
2023-09-18,20133.30078125,264900
2023-09-20,19901.400390625,378100
2023-09-21,19742.349609375,275100
2023-09-22,19674.25,246400
2023-09-25,19674.55078125,188400
2023-09-26,19664.69921875,204900
2023-09-27,19716.44921875,203600
2023-09-28,19523.55078125,352800
2023-09-29,19638.30078125,243500
2023-10-03,19528.75,221700
2023-10-04,19436.099609375,277100
2023-10-05,19545.75,234900
2023-10-06,19653.5,159100
2023-10-09,19512.349609375,165100
2023-10-10,19689.849609375,216600
2023-10-11,19811.349609375,213700
2023-10-12,19794.0,217900
2023-10-13,19751.05078125,255000
2023-10-16,19731.75,181000
2023-10-17,19811.5,185800
2023-10-18,19671.099609375,198900
2023-10-19,19624.69921875,230300
2023-10-20,19542.650390625,198300
2023-10-23,19281.75,176000
2023-10-25,19122.150390625,225300
2023-10-26,18857.25,300400
2023-10-27,19047.25,205200
2023-10-30,19140.900390625,180100
2023-10-31,19079.599609375,206000
2023-11-01,18989.150390625,194100
2023-11-02,19133.25,245600
2023-11-03,19230.599609375,189500
2023-11-06,19411.75,180700
2023-11-07,19406.69921875,198700
2023-11-08,19443.5,195000
2023-11-09,19395.30078125,208400
2023-11-10,19425.349609375,152200
2023-11-13,19443.55078125,189300
2023-11-15,19675.44921875,291500
2023-11-16,19765.19921875,282700
2023-11-17,19731.80078125,236800
2023-11-20,19694.0,173800
2023-11-21,19783.400390625,195000
2023-11-22,19811.849609375,184500
2023-11-23,19802.0,170000
2023-11-24,19794.69921875,145900
2023-11-28,19889.69921875,229600
2023-11-29,20096.599609375,236200
2023-11-30,20133.150390625,486600
2023-12-01,20267.900390625,265800
2023-12-04,20686.80078125,381100
2023-12-05,20855.099609375,421000
2023-12-06,20937.69921875,359200
2023-12-07,20901.150390625,275000
2023-12-08,20969.400390625,292400
2023-12-11,20997.099609375,212900
2023-12-12,20906.400390625,244900
2023-12-13,20926.349609375,260300
2023-12-14,21182.69921875,334400
2023-12-15,21456.650390625,508800
2023-12-18,21418.650390625,249700
2023-12-19,21453.099609375,249800
2023-12-20,21150.150390625,363900
2023-12-21,21255.05078125,277500
2023-12-22,21349.400390625,284700
2023-12-26,21441.349609375,219500
2023-12-27,21654.75,256500
2023-12-28,21778.69921875,393100
2023-12-29,21731.400390625,270900
2024-01-01,21741.900390625,154000
2024-01-02,21665.80078125,263700
2024-01-03,21517.349609375,311900
2024-01-04,21658.599609375,339200
2024-01-05,21710.80078125,309300
2024-01-08,21513.0,231500
2024-01-09,21544.849609375,228600
2024-01-10,21618.69921875,217000
2024-01-11,21647.19921875,212500
2024-01-12,21894.55078125,294700
2024-01-15,22097.44921875,345500
2024-01-16,22032.30078125,292400
2024-01-17,21571.94921875,456000
2024-01-18,21462.25,387300
2024-01-19,21622.400390625,343100
2024-01-23,21238.80078125,449700
2024-01-24,21453.94921875,407500
2024-01-25,21352.599609375,418100
2024-01-29,21737.599609375,376700
2024-01-30,21522.099609375,375100
2024-01-31,21725.69921875,410600
2024-02-01,21697.44921875,332500
2024-02-02,21853.80078125,442800
2024-02-05,21771.69921875,440800
2024-02-06,21929.400390625,371000
2024-02-07,21930.5,346300
2024-02-08,21717.94921875,491100
2024-02-09,21782.5,349200
2024-02-12,21616.05078125,287400
2024-02-13,21743.25,365800
2024-02-14,21840.05078125,359100
2024-02-15,21910.75,345400
2024-02-16,22040.69921875,343900
2024-02-19,22122.25,0
2024-02-20,22196.94921875,295700
2024-02-21,22055.05078125,364500
2024-02-22,22217.44921875,343500
2024-02-23,22212.69921875,226000
2024-02-26,22122.05078125,207800
2024-02-27,22198.349609375,252200
2024-02-28,21951.150390625,203000
2024-02-29,21982.80078125,360200
2024-03-01,22338.75,351500
2024-03-04,22405.599609375,298800
2024-03-05,22356.30078125,296200
2024-03-06,22474.05078125,312300
2024-03-07,22493.55078125,379900
2024-03-11,22332.650390625,277900
2024-03-12,22335.69921875,299200
2024-03-13,21997.69921875,493300
2024-03-14,22146.650390625,426700
2024-03-15,22023.349609375,661500
2024-03-18,22055.69921875,356300
2024-03-19,21817.44921875,344200
2024-03-20,21839.099609375,312400
2024-03-21,22011.94921875,353200
2024-03-22,22096.75,388700
2024-03-26,22004.69921875,328400
2024-03-27,22123.650390625,409100
2024-03-28,22326.900390625,410500
2024-04-01,22462.0,0
2024-04-02,22453.30078125,289500
2024-04-03,22434.650390625,309600
2024-04-04,22514.650390625,401000
2024-04-05,22513.69921875,242200
2024-04-08,22666.30078125,227600
2024-04-09,22642.75,232400
2024-04-10,22753.80078125,276800
2024-04-12,22519.400390625,357200
2024-04-15,22272.5,355500
2024-04-16,22147.900390625,317300
2024-04-18,21995.849609375,456900
2024-04-19,22147.0,362500
2024-04-22,22336.400390625,279300
2024-04-23,22368.0,231500
2024-04-24,22402.400390625,235900
2024-04-25,22570.349609375,475000
2024-04-26,22419.94921875,329900
2024-04-29,22643.400390625,292000
2024-04-30,22604.849609375,361900
2024-05-02,22648.19921875,445900
2024-05-03,22475.849609375,438100
2024-05-06,22442.69921875,320300
2024-05-07,22302.5,297800
2024-05-08,22302.5,277400
2024-05-09,21957.5,331300
2024-05-10,22055.19921875,265800
2024-05-13,22104.05078125,278200
2024-05-14,22217.849609375,230200
2024-05-15,22200.55078125,231900
2024-05-16,22403.849609375,368900
2024-05-17,22466.099609375,242700
2024-05-21,22529.05078125,347600
2024-05-22,22597.80078125,290300
2024-05-23,22967.650390625,369800
2024-05-24,22957.099609375,261900
2024-05-27,22932.44921875,260000
2024-05-28,22888.150390625,217900
2024-05-29,22704.69921875,269900
2024-05-30,22488.650390625,373400
2024-05-31,22530.69921875,572100
2024-06-03,23263.900390625,569400
2024-06-04,21884.5,1006100
2024-06-05,22620.349609375,638500
2024-06-06,22821.400390625,480400
2024-06-07,23290.150390625,473600
2024-06-10,23259.19921875,304400
2024-06-11,23264.849609375,305200
2024-06-12,23322.94921875,295600
2024-06-13,23398.900390625,268300
2024-06-14,23465.599609375,223100
2024-06-18,23557.900390625,272200
2024-06-19,23516.0,328800
2024-06-20,23567.0,280300
2024-06-21,23501.099609375,609900
2024-06-24,23537.849609375,239400
2024-06-25,23721.30078125,298100
2024-06-26,23868.80078125,287800
2024-06-27,24044.5,515200
2024-06-28,24010.599609375,354800
2024-07-01,24141.94921875,0
2024-07-02,24123.849609375,0
2024-07-03,24286.5,0
2024-07-04,24302.150390625,251200
2024-07-05,24323.849609375,298400
2024-07-08,24320.55078125,266300
2024-07-09,24433.19921875,250500
2024-07-10,24324.44921875,292300
2024-07-11,24315.94921875,306400
2024-07-12,24502.150390625,325800
2024-07-15,24586.69921875,305400
2024-07-16,24613.0,283200
2024-07-18,24800.849609375,350900
2024-07-19,24530.900390625,343800
2024-07-22,24509.25,324200
2024-07-23,24479.05078125,436400
2024-07-24,24413.5,366600
2024-07-25,24406.099609375,391800
2024-07-26,24834.849609375,383800
2024-07-29,24836.099609375,355000
2024-07-30,24857.30078125,385000
2024-07-31,24951.150390625,333600
2024-08-01,25010.900390625,431300
2024-08-02,24717.69921875,345000
2024-08-05,24055.599609375,487000
2024-08-06,23992.55078125,312300
2024-08-07,24297.5,317600
2024-08-08,24117.0,311900
2024-08-09,24367.5,215100
2024-08-12,24347.0,279900
2024-08-13,24139.0,239700
2024-08-14,24143.75,303300
2024-08-16,24541.150390625,271600
2024-08-19,24572.650390625,243600
2024-08-20,24698.849609375,238300
2024-08-21,24770.19921875,257100
2024-08-22,24811.5,220300
2024-08-23,24823.150390625,206800
2024-08-26,25010.599609375,210300
2024-08-27,25017.75,223300
2024-08-28,25052.349609375,220400
2024-08-29,25151.94921875,354000
2024-08-30,25235.900390625,638200
2024-09-02,25278.69921875,222800
2024-09-03,25279.849609375,212100
2024-09-04,25198.69921875,253800
2024-09-05,25145.099609375,222200
2024-09-06,24852.150390625,311700
2024-09-09,24936.400390625,254400
2024-09-10,25041.099609375,251300
2024-09-11,24918.44921875,279200
2024-09-12,25388.900390625,380100
2024-09-13,25356.5,250800
2024-09-16,25383.75,168700
2024-09-17,25418.55078125,216000
2024-09-18,25377.55078125,215700
2024-09-19,25415.80078125,314500
2024-09-20,25790.94921875,533100
2024-09-23,25939.05078125,209200
2024-09-24,25940.400390625,384100
2024-09-25,26004.150390625,278500
2024-09-26,26216.05078125,370900
2024-09-27,26178.94921875,490300
2024-09-30,25810.849609375,343100
2024-10-01,25796.900390625,247400
2024-10-03,25250.099609375,423400
2024-10-04,25014.599609375,374900
2024-10-07,24795.75,374300
2024-10-08,25013.150390625,333200
2024-10-09,24981.94921875,290600
2024-10-10,24998.44921875,261400
2024-10-11,24964.25,210500
2024-10-14,25127.94921875,206400
2024-10-15,25057.349609375,257200
2024-10-16,24971.30078125,226800
2024-10-17,24749.849609375,252800
2024-10-18,24854.05078125,290900
2024-10-21,24781.099609375,242000
2024-10-22,24472.099609375,279500
2024-10-23,24435.5,284600
2024-10-24,24399.400390625,216700
2024-10-25,24180.80078125,372600
2024-10-28,24339.150390625,278600
2024-10-29,24466.849609375,332000
2024-10-30,24340.849609375,285200
2024-10-31,24205.349609375,287000
2024-11-01,24304.349609375,38800
2024-11-04,23995.349609375,285500
2024-11-05,24213.30078125,289500
2024-11-06,24484.05078125,351100
2024-11-07,24199.349609375,322200
2024-11-08,24148.19921875,298700
2024-11-11,24141.30078125,273400
2024-11-12,23883.44921875,255800
2024-11-13,23559.05078125,304600
2024-11-14,23532.69921875,257700
2024-11-18,23453.80078125,263300
2024-11-19,23518.5,297500
2024-11-21,23349.900390625,420300
2024-11-22,23907.25,367600
2024-11-25,24221.900390625,687200
2024-11-26,24194.5,230700
2024-11-27,24274.900390625,295000
2024-11-28,23914.150390625,366700
2024-11-29,24131.099609375,282100
2024-12-02,24276.05078125,220400
2024-12-03,24457.150390625,339500
2024-12-04,24467.44921875,348000
2024-12-05,24708.400390625,361500
2024-12-06,24677.80078125,226700
2024-12-09,24619.0,248100
2024-12-10,24610.05078125,261000
2024-12-11,24641.80078125,187300
2024-12-12,24548.69921875,266100
2024-12-13,24768.30078125,310100
2024-12-16,24668.25,187600
2024-12-17,24336.0,264900
2024-12-18,24198.849609375,235300
2024-12-19,23951.69921875,271100
2024-12-20,23587.5,442700
2024-12-23,23753.44921875,189800
2024-12-24,23727.650390625,177700
2024-12-26,23750.19921875,177700
2024-12-27,23813.400390625,176800
2024-12-30,23644.900390625,364900
